GDD,Date,Site,Day,Daily_mean_temperature,Daily_daylength,Id_plante,Id_talle,Leaf_produced,Primordia_on_apex,Spikelet_number,Vernalisation_rate,Secondary_induction_rate,Heading_date,Retard
3.0,2018-11-13,treatment_1,1,4,10,0,0,1,3,0,0.0154,0,,
3.0,2018-11-13,treatment_1,1,4,10,1,0,1,3,0,0.0154,0,,
3.0,2018-11-13,treatment_1,1,4,10,2,0,1,3,0,0.0154,0,,
3.0,2018-11-13,treatment_1,1,4,10,3,0,1,3,0,0.0154,0,,
4.0,2018-11-14,treatment_1,2,4,10,0,0,1,3,0,0.0308,0,,
4.0,2018-11-14,treatment_1,2,4,10,1,0,1,3,0,0.0308,0,,
4.0,2018-11-14,treatment_1,2,4,10,2,0,1,3,0,0.0308,0,,
4.0,2018-11-14,treatment_1,2,4,10,3,0,1,3,0,0.0308,0,,
8.0,2018-11-15,treatment_1,3,4,10,0,0,1,3,0,0.0462,0,,
8.0,2018-11-15,treatment_1,3,4,10,1,0,1,3,0,0.0462,0,,
8.0,2018-11-15,treatment_1,3,4,10,2,0,1,3,0,0.0462,0,,
8.0,2018-11-15,treatment_1,3,4,10,3,0,1,3,0,0.0462,0,,
12.0,2018-11-16,treatment_1,4,4,10,0,0,1,3,0,0.0616,0,,
12.0,2018-11-16,treatment_1,4,4,10,1,0,1,3,0,0.0616,0,,
12.0,2018-11-16,treatment_1,4,4,10,2,0,1,3,0,0.0616,0,,
12.0,2018-11-16,treatment_1,4,4,10,3,0,1,3,0,0.0616,0,,
16.0,2018-11-17,treatment_1,5,4,10,0,0,1,3,0,0.077,0,,
16.0,2018-11-17,treatment_1,5,4,10,1,0,1,3,0,0.077,0,,
16.0,2018-11-17,treatment_1,5,4,10,2,0,1,3,0,0.077,0,,
16.0,2018-11-17,treatment_1,5,4,10,3,0,1,3,0,0.077,0,,
20.0,2018-11-18,treatment_1,6,4,10,0,0,1,3,0,0.0924,0,,
20.0,2018-11-18,treatment_1,6,4,10,1,0,1,3,0,0.0924,0,,
20.0,2018-11-18,treatment_1,6,4,10,2,0,1,3,0,0.0924,0,,
20.0,2018-11-18,treatment_1,6,4,10,3,0,1,3,0,0.0924,0,,
24.0,2018-11-19,treatment_1,7,4,10,0,0,1,3,0,0.1078,0,,
24.0,2018-11-19,treatment_1,7,4,10,1,0,1,3,0,0.1078,0,,
24.0,2018-11-19,treatment_1,7,4,10,2,0,1,3,0,0.1078,0,,
24.0,2018-11-19,treatment_1,7,4,10,3,0,1,3,0,0.1078,0,,
28.0,2018-11-20,treatment_1,8,4,10,0,0,1,3,0,0.1232,0,,
28.0,2018-11-20,treatment_1,8,4,10,1,0,1,3,0,0.1232,0,,
28.0,2018-11-20,treatment_1,8,4,10,2,0,1,3,0,0.1232,0,,
28.0,2018-11-20,treatment_1,8,4,10,3,0,1,3,0,0.1232,0,,
32.0,2018-11-21,treatment_1,9,4,10,0,0,1,3,0,0.1386,0,,
32.0,2018-11-21,treatment_1,9,4,10,1,0,1,3,0,0.1386,0,,
32.0,2018-11-21,treatment_1,9,4,10,2,0,1,3,0,0.1386,0,,
32.0,2018-11-21,treatment_1,9,4,10,3,0,1,3,0,0.1386,0,,
36.0,2018-11-22,treatment_1,10,4,10,0,0,1,3,0,0.154,0,,
36.0,2018-11-22,treatment_1,10,4,10,1,0,1,3,0,0.154,0,,
36.0,2018-11-22,treatment_1,10,4,10,2,0,1,3,0,0.154,0,,
36.0,2018-11-22,treatment_1,10,4,10,3,0,1,3,0,0.154,0,,
40.0,2018-11-23,treatment_1,11,4,10,0,0,1,3,0,0.1694,0,,
40.0,2018-11-23,treatment_1,11,4,10,1,0,1,3,0,0.1694,0,,
40.0,2018-11-23,treatment_1,11,4,10,2,0,1,3,0,0.1694,0,,
40.0,2018-11-23,treatment_1,11,4,10,3,0,1,3,0,0.1694,0,,
44.0,2018-11-24,treatment_1,12,4,10,0,0,1,3,0,0.1848,0,,
44.0,2018-11-24,treatment_1,12,4,10,1,0,1,3,0,0.1848,0,,
44.0,2018-11-24,treatment_1,12,4,10,2,0,1,3,0,0.1848,0,,
44.0,2018-11-24,treatment_1,12,4,10,3,0,1,3,0,0.1848,0,,
48.0,2018-11-25,treatment_1,13,4,10,0,0,2,3.0,0,0.2002,0,,
48.0,2018-11-25,treatment_1,13,4,10,1,0,2,3.0,0,0.2002,0,,
48.0,2018-11-25,treatment_1,13,4,10,2,0,2,3.0,0,0.2002,0,,
48.0,2018-11-25,treatment_1,13,4,10,3,0,2,3.0,0,0.2002,0,,
52.0,2018-11-26,treatment_1,14,4,10,0,0,2,3.0,0,0.2156,0,,
52.0,2018-11-26,treatment_1,14,4,10,1,0,2,3.0,0,0.2156,0,,
52.0,2018-11-26,treatment_1,14,4,10,2,0,2,3.0,0,0.2156,0,,
52.0,2018-11-26,treatment_1,14,4,10,3,0,2,3.0,0,0.2156,0,,
56.0,2018-11-27,treatment_1,15,4,10,0,0,2,3.0,0,0.231,0,,
56.0,2018-11-27,treatment_1,15,4,10,1,0,2,3.0,0,0.231,0,,
56.0,2018-11-27,treatment_1,15,4,10,2,0,2,3.0,0,0.231,0,,
56.0,2018-11-27,treatment_1,15,4,10,3,0,2,3.0,0,0.231,0,,
60.0,2018-11-28,treatment_1,16,4,10,0,0,2,3.0,0,0.2464,0,,
60.0,2018-11-28,treatment_1,16,4,10,1,0,2,3.0,0,0.2464,0,,
60.0,2018-11-28,treatment_1,16,4,10,2,0,2,3.0,0,0.2464,0,,
60.0,2018-11-28,treatment_1,16,4,10,3,0,2,3.0,0,0.2464,0,,
64.0,2018-11-29,treatment_1,17,4,10,0,0,2,3.0,0,0.2618,0,,
64.0,2018-11-29,treatment_1,17,4,10,1,0,2,3.0,0,0.2618,0,,
64.0,2018-11-29,treatment_1,17,4,10,2,0,2,3.0,0,0.2618,0,,
64.0,2018-11-29,treatment_1,17,4,10,3,0,2,3.0,0,0.2618,0,,
68.0,2018-11-30,treatment_1,18,4,10,0,0,2,3.0,0,0.2772,0,,
68.0,2018-11-30,treatment_1,18,4,10,1,0,2,3.0,0,0.2772,0,,
68.0,2018-11-30,treatment_1,18,4,10,2,0,2,3.0,0,0.2772,0,,
68.0,2018-11-30,treatment_1,18,4,10,3,0,2,3.0,0,0.2772,0,,
72.0,2018-12-01,treatment_1,19,4,10,0,0,2,3.0,0,0.2926,0,,
72.0,2018-12-01,treatment_1,19,4,10,1,0,2,3.0,0,0.2926,0,,
72.0,2018-12-01,treatment_1,19,4,10,2,0,2,3.0,0,0.2926,0,,
72.0,2018-12-01,treatment_1,19,4,10,3,0,2,3.0,0,0.2926,0,,
76.0,2018-12-02,treatment_1,20,4,10,0,0,2,3.0,0,0.308,0,,
76.0,2018-12-02,treatment_1,20,4,10,1,0,2,3.0,0,0.308,0,,
76.0,2018-12-02,treatment_1,20,4,10,2,0,2,3.0,0,0.308,0,,
76.0,2018-12-02,treatment_1,20,4,10,3,0,2,3.0,0,0.308,0,,
80.0,2018-12-03,treatment_1,21,4,10,0,0,2,3.0,0,0.3234,0,,
80.0,2018-12-03,treatment_1,21,4,10,1,0,2,3.0,0,0.3234,0,,
80.0,2018-12-03,treatment_1,21,4,10,2,0,2,3.0,0,0.3234,0,,
80.0,2018-12-03,treatment_1,21,4,10,3,0,2,3.0,0,0.3234,0,,
84.0,2018-12-04,treatment_1,22,4,10,0,0,2,3.0,0,0.3388,0,,
84.0,2018-12-04,treatment_1,22,4,10,1,0,2,3.0,0,0.3388,0,,
84.0,2018-12-04,treatment_1,22,4,10,2,0,2,3.0,0,0.3388,0,,
84.0,2018-12-04,treatment_1,22,4,10,3,0,2,3.0,0,0.3388,0,,
88.0,2018-12-05,treatment_1,23,4,10,0,0,2,3.0,0,0.3542,0,,
88.0,2018-12-05,treatment_1,23,4,10,1,0,2,3.0,0,0.3542,0,,
88.0,2018-12-05,treatment_1,23,4,10,2,0,2,3.0,0,0.3542,0,,
88.0,2018-12-05,treatment_1,23,4,10,3,0,2,3.0,0,0.3542,0,,
92.0,2018-12-06,treatment_1,24,4,10,0,0,3,3.0,0,0.3696,0,,
92.0,2018-12-06,treatment_1,24,4,10,1,0,3,3.0,0,0.3696,0,,
92.0,2018-12-06,treatment_1,24,4,10,2,0,3,3.0,0,0.3696,0,,
92.0,2018-12-06,treatment_1,24,4,10,3,0,3,3.0,0,0.3696,0,,
96.0,2018-12-07,treatment_1,25,4,10,0,0,3,3.0,0,0.385,0,,
96.0,2018-12-07,treatment_1,25,4,10,1,0,3,3.0,0,0.385,0,,
96.0,2018-12-07,treatment_1,25,4,10,2,0,3,3.0,0,0.385,0,,
96.0,2018-12-07,treatment_1,25,4,10,3,0,3,3.0,0,0.385,0,,
100.0,2018-12-08,treatment_1,26,4,10,0,0,3,3.0,0,0.4004,0,,
100.0,2018-12-08,treatment_1,26,4,10,1,0,3,3.0,0,0.4004,0,,
100.0,2018-12-08,treatment_1,26,4,10,2,0,3,3.0,0,0.4004,0,,
100.0,2018-12-08,treatment_1,26,4,10,3,0,3,3.0,0,0.4004,0,,
104.0,2018-12-09,treatment_1,27,4,10,0,0,3,3.0,0,0.4158,0,,
104.0,2018-12-09,treatment_1,27,4,10,1,0,3,3.0,0,0.4158,0,,
104.0,2018-12-09,treatment_1,27,4,10,2,0,3,3.0,0,0.4158,0,,
104.0,2018-12-09,treatment_1,27,4,10,3,0,3,3.0,0,0.4158,0,,
108.0,2018-12-10,treatment_1,28,4,10,0,0,3,3.0,0,0.4312,0,,
108.0,2018-12-10,treatment_1,28,4,10,1,0,3,3.0,0,0.4312,0,,
108.0,2018-12-10,treatment_1,28,4,10,2,0,3,3.0,0,0.4312,0,,
108.0,2018-12-10,treatment_1,28,4,10,3,0,3,3.0,0,0.4312,0,,
112.0,2018-12-11,treatment_1,29,4,10,0,0,3,3.0,0,0.4466,0,,
112.0,2018-12-11,treatment_1,29,4,10,1,0,3,3.0,0,0.4466,0,,
112.0,2018-12-11,treatment_1,29,4,10,2,0,3,3.0,0,0.4466,0,,
112.0,2018-12-11,treatment_1,29,4,10,3,0,3,3.0,0,0.4466,0,,
116.0,2018-12-12,treatment_1,30,4,8,0,0,3,3.0,0,0.462,0,,
116.0,2018-12-12,treatment_1,30,4,8,1,0,3,3.0,0,0.462,0,,
116.0,2018-12-12,treatment_1,30,4,8,2,0,3,3.0,0,0.462,0,,
116.0,2018-12-12,treatment_1,30,4,8,3,0,3,3.0,0,0.462,0,,
120.0,2018-12-13,treatment_1,31,4,8,0,0,3,3.0,0,0.4774,0,,
120.0,2018-12-13,treatment_1,31,4,8,1,0,3,3.0,0,0.4774,0,,
120.0,2018-12-13,treatment_1,31,4,8,2,0,3,3.0,0,0.4774,0,,
120.0,2018-12-13,treatment_1,31,4,8,3,0,3,3.0,0,0.4774,0,,
124.0,2018-12-14,treatment_1,32,4,8,0,0,3,3.0,0,0.4928,0,,
124.0,2018-12-14,treatment_1,32,4,8,1,0,3,3.0,0,0.4928,0,,
124.0,2018-12-14,treatment_1,32,4,8,2,0,3,3.0,0,0.4928,0,,
124.0,2018-12-14,treatment_1,32,4,8,3,0,3,3.0,0,0.4928,0,,
128.0,2018-12-15,treatment_1,33,4,8,0,0,3,3.0,0,0.5082,0,,
128.0,2018-12-15,treatment_1,33,4,8,1,0,3,3.0,0,0.5082,0,,
128.0,2018-12-15,treatment_1,33,4,8,2,0,3,3.0,0,0.5082,0,,
128.0,2018-12-15,treatment_1,33,4,8,3,0,3,3.0,0,0.5082,0,,
132.0,2018-12-16,treatment_1,34,4,8,0,0,3,3.0,0,0.5236,0,,
132.0,2018-12-16,treatment_1,34,4,8,1,0,3,3.0,0,0.5236,0,,
132.0,2018-12-16,treatment_1,34,4,8,2,0,3,3.0,0,0.5236,0,,
132.0,2018-12-16,treatment_1,34,4,8,3,0,3,3.0,0,0.5236,0,,
136.0,2018-12-17,treatment_1,35,4,8,0,0,3,3.0,0,0.539,0,,
136.0,2018-12-17,treatment_1,35,4,8,1,0,3,3.0,0,0.539,0,,
136.0,2018-12-17,treatment_1,35,4,8,2,0,3,3.0,0,0.539,0,,
136.0,2018-12-17,treatment_1,35,4,8,3,0,3,3.0,0,0.539,0,,
140.0,2018-12-18,treatment_1,36,4,8,0,0,3,3.0,0,0.5544,0,,
140.0,2018-12-18,treatment_1,36,4,8,1,0,3,3.0,0,0.5544,0,,
140.0,2018-12-18,treatment_1,36,4,8,2,0,3,3.0,0,0.5544,0,,
140.0,2018-12-18,treatment_1,36,4,8,3,0,3,3.0,0,0.5544,0,,
144.0,2018-12-19,treatment_1,37,4,8,0,0,3,3.0,0,0.5698,0,,
144.0,2018-12-19,treatment_1,37,4,8,1,0,3,3.0,0,0.5698,0,,
144.0,2018-12-19,treatment_1,37,4,8,2,0,3,3.0,0,0.5698,0,,
144.0,2018-12-19,treatment_1,37,4,8,3,0,3,3.0,0,0.5698,0,,
148.0,2018-12-20,treatment_1,38,4,8,0,0,4,3.0,0,0.5852,0,,
148.0,2018-12-20,treatment_1,38,4,8,1,0,4,3.0,0,0.5852,0,,
148.0,2018-12-20,treatment_1,38,4,8,2,0,4,3.0,0,0.5852,0,,
148.0,2018-12-20,treatment_1,38,4,8,3,0,4,3.0,0,0.5852,0,,
152.0,2018-12-21,treatment_1,39,4,8,0,0,4,3.0,0,0.6006,0,,
152.0,2018-12-21,treatment_1,39,4,8,1,0,4,3.0,0,0.6006,0,,
152.0,2018-12-21,treatment_1,39,4,8,2,0,4,3.0,0,0.6006,0,,
152.0,2018-12-21,treatment_1,39,4,8,3,0,4,3.0,0,0.6006,0,,
156.0,2018-12-22,treatment_1,40,4,8,0,0,4,3.0,0,0.616,0,,
156.0,2018-12-22,treatment_1,40,4,8,1,0,4,3.0,0,0.616,0,,
156.0,2018-12-22,treatment_1,40,4,8,2,0,4,3.0,0,0.616,0,,
156.0,2018-12-22,treatment_1,40,4,8,3,0,4,3.0,0,0.616,0,,
160.0,2018-12-23,treatment_1,41,4,8,0,0,4,3.0,0,0.6314,0,,
160.0,2018-12-23,treatment_1,41,4,8,1,0,4,3.0,0,0.6314,0,,
160.0,2018-12-23,treatment_1,41,4,8,2,0,4,3.0,0,0.6314,0,,
160.0,2018-12-23,treatment_1,41,4,8,3,0,4,3.0,0,0.6314,0,,
164.0,2018-12-24,treatment_1,42,4,8,0,0,4,3.0,0,0.6468,0,,
164.0,2018-12-24,treatment_1,42,4,8,1,0,4,3.0,0,0.6468,0,,
164.0,2018-12-24,treatment_1,42,4,8,2,0,4,3.0,0,0.6468,0,,
164.0,2018-12-24,treatment_1,42,4,8,3,0,4,3.0,0,0.6468,0,,
168.0,2018-12-25,treatment_1,43,4,8,0,0,4,3.0,0,0.6622,0,,
168.0,2018-12-25,treatment_1,43,4,8,1,0,4,3.0,0,0.6622,0,,
168.0,2018-12-25,treatment_1,43,4,8,2,0,4,3.0,0,0.6622,0,,
168.0,2018-12-25,treatment_1,43,4,8,3,0,4,3.0,0,0.6622,0,,
172.0,2018-12-26,treatment_1,44,4,8,0,0,4,3.0,0,0.6776,0,,
172.0,2018-12-26,treatment_1,44,4,8,1,0,4,3.0,0,0.6776,0,,
172.0,2018-12-26,treatment_1,44,4,8,2,0,4,3.0,0,0.6776,0,,
172.0,2018-12-26,treatment_1,44,4,8,3,0,4,3.0,0,0.6776,0,,
176.0,2018-12-27,treatment_1,45,4,8,0,0,4,3.0,0,0.693,0,,
176.0,2018-12-27,treatment_1,45,4,8,1,0,4,3.0,0,0.693,0,,
176.0,2018-12-27,treatment_1,45,4,8,2,0,4,3.0,0,0.693,0,,
176.0,2018-12-27,treatment_1,45,4,8,3,0,4,3.0,0,0.693,0,,
180.0,2018-12-28,treatment_1,46,4,8,0,0,4,3.0,0,0.7084,0,,
180.0,2018-12-28,treatment_1,46,4,8,1,0,4,3.0,0,0.7084,0,,
180.0,2018-12-28,treatment_1,46,4,8,2,0,4,3.0,0,0.7084,0,,
180.0,2018-12-28,treatment_1,46,4,8,3,0,4,3.0,0,0.7084,0,,
184.0,2018-12-29,treatment_1,47,4,8,0,0,4,3.0,0,0.7238,0,,
184.0,2018-12-29,treatment_1,47,4,8,1,0,4,3.0,0,0.7238,0,,
184.0,2018-12-29,treatment_1,47,4,8,2,0,4,3.0,0,0.7238,0,,
184.0,2018-12-29,treatment_1,47,4,8,3,0,4,3.0,0,0.7238,0,,
188.0,2018-12-30,treatment_1,48,4,8,0,0,4,3.0,0,0.7392,0,,
188.0,2018-12-30,treatment_1,48,4,8,1,0,4,3.0,0,0.7392,0,,
188.0,2018-12-30,treatment_1,48,4,8,2,0,4,3.0,0,0.7392,0,,
188.0,2018-12-30,treatment_1,48,4,8,3,0,4,3.0,0,0.7392,0,,
192.0,2018-12-31,treatment_1,49,4,8,0,0,4,3.0,0,0.7546,0,,
192.0,2018-12-31,treatment_1,49,4,8,1,0,4,3.0,0,0.7546,0,,
192.0,2018-12-31,treatment_1,49,4,8,2,0,4,3.0,0,0.7546,0,,
192.0,2018-12-31,treatment_1,49,4,8,3,0,4,3.0,0,0.7546,0,,
196.0,2019-01-01,treatment_1,50,4,8,0,0,4,3.0,0,0.77,0,,
196.0,2019-01-01,treatment_1,50,4,8,1,0,4,3.0,0,0.77,0,,
196.0,2019-01-01,treatment_1,50,4,8,2,0,4,3.0,0,0.77,0,,
196.0,2019-01-01,treatment_1,50,4,8,3,0,4,3.0,0,0.77,0,,
200.0,2019-01-02,treatment_1,51,4,8,0,0,4,3.0,0,0.7854,0,,
200.0,2019-01-02,treatment_1,51,4,8,1,0,4,3.0,0,0.7854,0,,
200.0,2019-01-02,treatment_1,51,4,8,2,0,4,3.0,0,0.7854,0,,
200.0,2019-01-02,treatment_1,51,4,8,3,0,4,3.0,0,0.7854,0,,
204.0,2019-01-03,treatment_1,52,4,8,0,0,4,3.0,0,0.8008,0,,
204.0,2019-01-03,treatment_1,52,4,8,1,0,4,3.0,0,0.8008,0,,
204.0,2019-01-03,treatment_1,52,4,8,2,0,4,3.0,0,0.8008,0,,
204.0,2019-01-03,treatment_1,52,4,8,3,0,4,3.0,0,0.8008,0,,
208.0,2019-01-04,treatment_1,53,4,8,0,0,5,3.0,0,0.8162,0,,
208.0,2019-01-04,treatment_1,53,4,8,1,0,5,3.0,0,0.8162,0,,
208.0,2019-01-04,treatment_1,53,4,8,2,0,5,3.0,0,0.8162,0,,
208.0,2019-01-04,treatment_1,53,4,8,3,0,5,3.0,0,0.8162,0,,
212.0,2019-01-05,treatment_1,54,4,8,0,0,5,3.0,0,0.8316,0,,
212.0,2019-01-05,treatment_1,54,4,8,1,0,5,3.0,0,0.8316,0,,
212.0,2019-01-05,treatment_1,54,4,8,2,0,5,3.0,0,0.8316,0,,
212.0,2019-01-05,treatment_1,54,4,8,3,0,5,3.0,0,0.8316,0,,
216.0,2019-01-06,treatment_1,55,4,8,0,0,5,3.0,0,0.847,0,,
216.0,2019-01-06,treatment_1,55,4,8,1,0,5,3.0,0,0.847,0,,
216.0,2019-01-06,treatment_1,55,4,8,2,0,5,3.0,0,0.847,0,,
216.0,2019-01-06,treatment_1,55,4,8,3,0,5,3.0,0,0.847,0,,
220.0,2019-01-07,treatment_1,56,4,8,0,0,5,3.0,0,0.8624,0,,
220.0,2019-01-07,treatment_1,56,4,8,1,0,5,3.0,0,0.8624,0,,
220.0,2019-01-07,treatment_1,56,4,8,2,0,5,3.0,0,0.8624,0,,
220.0,2019-01-07,treatment_1,56,4,8,3,0,5,3.0,0,0.8624,0,,
224.0,2019-01-08,treatment_1,57,4,8,0,0,5,3.0,0,0.8778,0,,
224.0,2019-01-08,treatment_1,57,4,8,1,0,5,3.0,0,0.8778,0,,
224.0,2019-01-08,treatment_1,57,4,8,2,0,5,3.0,0,0.8778,0,,
224.0,2019-01-08,treatment_1,57,4,8,3,0,5,3.0,0,0.8778,0,,
228.0,2019-01-09,treatment_1,58,4,8,0,0,5,3.0,0,0.8932,0,,
228.0,2019-01-09,treatment_1,58,4,8,1,0,5,3.0,0,0.8932,0,,
228.0,2019-01-09,treatment_1,58,4,8,2,0,5,3.0,0,0.8932,0,,
228.0,2019-01-09,treatment_1,58,4,8,3,0,5,3.0,0,0.8932,0,,
232.0,2019-01-10,treatment_1,59,4,8,0,0,5,3.0,0,0.9086,0,,
232.0,2019-01-10,treatment_1,59,4,8,1,0,5,3.0,0,0.9086,0,,
232.0,2019-01-10,treatment_1,59,4,8,2,0,5,3.0,0,0.9086,0,,
232.0,2019-01-10,treatment_1,59,4,8,3,0,5,3.0,0,0.9086,0,,
236.0,2019-01-11,treatment_1,60,4,8,0,0,5,3.0,0,0.924,0,,
236.0,2019-01-11,treatment_1,60,4,8,1,0,5,3.0,0,0.924,0,,
236.0,2019-01-11,treatment_1,60,4,8,2,0,5,3.0,0,0.924,0,,
236.0,2019-01-11,treatment_1,60,4,8,3,0,5,3.0,0,0.924,0,,
240.0,2019-01-12,treatment_1,61,4,8,0,0,5,3.0,0,0.9394,0,,
240.0,2019-01-12,treatment_1,61,4,8,1,0,5,3.0,0,0.9394,0,,
240.0,2019-01-12,treatment_1,61,4,8,2,0,5,3.0,0,0.9394,0,,
240.0,2019-01-12,treatment_1,61,4,8,3,0,5,3.0,0,0.9394,0,,
244.0,2019-01-13,treatment_1,62,4,8,0,0,5,3.0,0,0.9548,0,,
244.0,2019-01-13,treatment_1,62,4,8,1,0,5,3.0,0,0.9548,0,,
244.0,2019-01-13,treatment_1,62,4,8,2,0,5,3.0,0,0.9548,0,,
244.0,2019-01-13,treatment_1,62,4,8,3,0,5,3.0,0,0.9548,0,,
248.0,2019-01-14,treatment_1,63,4,8,0,0,5,3.0,0,0.9702,0,,
248.0,2019-01-14,treatment_1,63,4,8,1,0,5,3.0,0,0.9702,0,,
248.0,2019-01-14,treatment_1,63,4,8,2,0,5,3.0,0,0.9702,0,,
248.0,2019-01-14,treatment_1,63,4,8,3,0,5,3.0,0,0.9702,0,,
252.0,2019-01-15,treatment_1,64,4,8,0,0,5,3.0,0,0.9856,0,,
252.0,2019-01-15,treatment_1,64,4,8,1,0,5,3.0,0,0.9856,0,,
252.0,2019-01-15,treatment_1,64,4,8,2,0,5,3.0,0,0.9856,0,,
252.0,2019-01-15,treatment_1,64,4,8,3,0,5,3.0,0,0.9856,0,,
256.0,2019-01-16,treatment_1,65,4,8,0,0,5,3.0,0,1.001,0,,
256.0,2019-01-16,treatment_1,65,4,8,1,0,5,3.0,0,1.001,0,,
256.0,2019-01-16,treatment_1,65,4,8,2,0,5,3.0,0,1.001,0,,
256.0,2019-01-16,treatment_1,65,4,8,3,0,5,3.0,0,1.001,0,,
260.0,2019-01-17,treatment_1,66,4,8,0,0,5,3.0,0,1.001,0,,
260.0,2019-01-17,treatment_1,66,4,8,1,0,5,3.0,0,1.001,0,,
260.0,2019-01-17,treatment_1,66,4,8,2,0,5,3.0,0,1.001,0,,
260.0,2019-01-17,treatment_1,66,4,8,3,0,5,3.0,0,1.001,0,,
264.0,2019-01-18,treatment_1,67,4,8,0,0,5,3.0,0,1.001,0,,
264.0,2019-01-18,treatment_1,67,4,8,1,0,5,3.0,0,1.001,0,,
264.0,2019-01-18,treatment_1,67,4,8,2,0,5,3.0,0,1.001,0,,
264.0,2019-01-18,treatment_1,67,4,8,3,0,5,3.0,0,1.001,0,,
268.0,2019-01-19,treatment_1,68,4,8,0,0,5,3.0,0,1.001,0,,
268.0,2019-01-19,treatment_1,68,4,8,1,0,5,3.0,0,1.001,0,,
268.0,2019-01-19,treatment_1,68,4,8,2,0,5,3.0,0,1.001,0,,
268.0,2019-01-19,treatment_1,68,4,8,3,0,5,3.0,0,1.001,0,,
272.0,2019-01-20,treatment_1,69,4,8,0,0,6,3.0,0,1.001,0,,
272.0,2019-01-20,treatment_1,69,4,8,1,0,6,3.0,0,1.001,0,,
272.0,2019-01-20,treatment_1,69,4,8,2,0,6,3.0,0,1.001,0,,
272.0,2019-01-20,treatment_1,69,4,8,3,0,6,3.0,0,1.001,0,,
276.0,2019-01-21,treatment_1,70,4,8,0,0,6,3.0,0,1.001,0,,
276.0,2019-01-21,treatment_1,70,4,8,1,0,6,3.0,0,1.001,0,,
276.0,2019-01-21,treatment_1,70,4,8,2,0,6,3.0,0,1.001,0,,
276.0,2019-01-21,treatment_1,70,4,8,3,0,6,3.0,0,1.001,0,,
280.0,2019-01-22,treatment_1,71,4,8,0,0,6,3.0,0,1.001,0,,
280.0,2019-01-22,treatment_1,71,4,8,1,0,6,3.0,0,1.001,0,,
280.0,2019-01-22,treatment_1,71,4,8,2,0,6,3.0,0,1.001,0,,
280.0,2019-01-22,treatment_1,71,4,8,3,0,6,3.0,0,1.001,0,,
284.0,2019-01-23,treatment_1,72,4,8,0,0,6,3.0,0,1.001,0,,
284.0,2019-01-23,treatment_1,72,4,8,1,0,6,3.0,0,1.001,0,,
284.0,2019-01-23,treatment_1,72,4,8,2,0,6,3.0,0,1.001,0,,
284.0,2019-01-23,treatment_1,72,4,8,3,0,6,3.0,0,1.001,0,,
288.0,2019-01-24,treatment_1,73,4,8,0,0,6,3.0,0,1.001,0,,
288.0,2019-01-24,treatment_1,73,4,8,1,0,6,3.0,0,1.001,0,,
288.0,2019-01-24,treatment_1,73,4,8,2,0,6,3.0,0,1.001,0,,
288.0,2019-01-24,treatment_1,73,4,8,3,0,6,3.0,0,1.001,0,,
292.0,2019-01-25,treatment_1,74,4,8,0,0,6,3.0,0,1.001,0,,
292.0,2019-01-25,treatment_1,74,4,8,1,0,6,3.0,0,1.001,0,,
292.0,2019-01-25,treatment_1,74,4,8,2,0,6,3.0,0,1.001,0,,
292.0,2019-01-25,treatment_1,74,4,8,3,0,6,3.0,0,1.001,0,,
296.0,2019-01-26,treatment_1,75,4,8,0,0,6,3.0,0,1.001,0,,
296.0,2019-01-26,treatment_1,75,4,8,1,0,6,3.0,0,1.001,0,,
296.0,2019-01-26,treatment_1,75,4,8,2,0,6,3.0,0,1.001,0,,
296.0,2019-01-26,treatment_1,75,4,8,3,0,6,3.0,0,1.001,0,,
300.0,2019-01-27,treatment_1,76,4,8,0,0,6,3.0,0,1.001,0,,
300.0,2019-01-27,treatment_1,76,4,8,1,0,6,3.0,0,1.001,0,,
300.0,2019-01-27,treatment_1,76,4,8,2,0,6,3.0,0,1.001,0,,
300.0,2019-01-27,treatment_1,76,4,8,3,0,6,3.0,0,1.001,0,,
304.0,2019-01-28,treatment_1,77,4,8,0,0,6,3.0,0,1.001,0,,
304.0,2019-01-28,treatment_1,77,4,8,1,0,6,3.0,0,1.001,0,,
304.0,2019-01-28,treatment_1,77,4,8,2,0,6,3.0,0,1.001,0,,
304.0,2019-01-28,treatment_1,77,4,8,3,0,6,3.0,0,1.001,0,,
308.0,2019-01-29,treatment_1,78,4,8,0,0,6,3.0,0,1.001,0,,
308.0,2019-01-29,treatment_1,78,4,8,1,0,6,3.0,0,1.001,0,,
308.0,2019-01-29,treatment_1,78,4,8,2,0,6,3.0,0,1.001,0,,
308.0,2019-01-29,treatment_1,78,4,8,3,0,6,3.0,0,1.001,0,,
312.0,2019-01-30,treatment_1,79,4,8,0,0,6,3.0,0,1.001,0,,
312.0,2019-01-30,treatment_1,79,4,8,1,0,6,3.0,0,1.001,0,,
312.0,2019-01-30,treatment_1,79,4,8,2,0,6,3.0,0,1.001,0,,
312.0,2019-01-30,treatment_1,79,4,8,3,0,6,3.0,0,1.001,0,,
316.0,2019-01-31,treatment_1,80,4,8,0,0,6,3.0,0,1.001,0,,
316.0,2019-01-31,treatment_1,80,4,8,1,0,6,3.0,0,1.001,0,,
316.0,2019-01-31,treatment_1,80,4,8,2,0,6,3.0,0,1.001,0,,
316.0,2019-01-31,treatment_1,80,4,8,3,0,6,3.0,0,1.001,0,,
320.0,2019-02-01,treatment_1,81,4,8,0,0,6,3.0,0,1.001,0,,
320.0,2019-02-01,treatment_1,81,4,8,1,0,6,3.0,0,1.001,0,,
320.0,2019-02-01,treatment_1,81,4,8,2,0,6,3.0,0,1.001,0,,
320.0,2019-02-01,treatment_1,81,4,8,3,0,6,3.0,0,1.001,0,,
324.0,2019-02-02,treatment_1,82,4,8,0,0,6,3.0,0,1.001,0,,
324.0,2019-02-02,treatment_1,82,4,8,1,0,6,3.0,0,1.001,0,,
324.0,2019-02-02,treatment_1,82,4,8,2,0,6,3.0,0,1.001,0,,
324.0,2019-02-02,treatment_1,82,4,8,3,0,6,3.0,0,1.001,0,,
328.0,2019-02-03,treatment_1,83,4,8,0,0,6,3.0,0,1.001,0,,
328.0,2019-02-03,treatment_1,83,4,8,1,0,6,3.0,0,1.001,0,,
328.0,2019-02-03,treatment_1,83,4,8,2,0,6,3.0,0,1.001,0,,
328.0,2019-02-03,treatment_1,83,4,8,3,0,6,3.0,0,1.001,0,,
332.0,2019-02-04,treatment_1,84,4,8,0,0,6,3.0,0,1.001,0,,
332.0,2019-02-04,treatment_1,84,4,8,1,0,6,3.0,0,1.001,0,,
332.0,2019-02-04,treatment_1,84,4,8,2,0,6,3.0,0,1.001,0,,
332.0,2019-02-04,treatment_1,84,4,8,3,0,6,3.0,0,1.001,0,,
336.0,2019-02-05,treatment_1,85,4,8,0,0,6,3.0,0,1.001,0,,
336.0,2019-02-05,treatment_1,85,4,8,1,0,6,3.0,0,1.001,0,,
336.0,2019-02-05,treatment_1,85,4,8,2,0,6,3.0,0,1.001,0,,
336.0,2019-02-05,treatment_1,85,4,8,3,0,6,3.0,0,1.001,0,,
340.0,2019-02-06,treatment_1,86,4,8,0,0,7,3.0,0,1.001,0,,
340.0,2019-02-06,treatment_1,86,4,8,1,0,7,3.0,0,1.001,0,,
340.0,2019-02-06,treatment_1,86,4,8,2,0,7,3.0,0,1.001,0,,
340.0,2019-02-06,treatment_1,86,4,8,3,0,7,3.0,0,1.001,0,,
344.0,2019-02-07,treatment_1,87,4,8,0,0,7,3.0,0,1.001,0,,
344.0,2019-02-07,treatment_1,87,4,8,1,0,7,3.0,0,1.001,0,,
344.0,2019-02-07,treatment_1,87,4,8,2,0,7,3.0,0,1.001,0,,
344.0,2019-02-07,treatment_1,87,4,8,3,0,7,3.0,0,1.001,0,,
348.0,2019-02-08,treatment_1,88,4,8,0,0,7,3.0,0,1.001,0,,
348.0,2019-02-08,treatment_1,88,4,8,1,0,7,3.0,0,1.001,0,,
348.0,2019-02-08,treatment_1,88,4,8,2,0,7,3.0,0,1.001,0,,
348.0,2019-02-08,treatment_1,88,4,8,3,0,7,3.0,0,1.001,0,,
352.0,2019-02-09,treatment_1,89,4,8,0,0,7,3.0,0,1.001,0,,
352.0,2019-02-09,treatment_1,89,4,8,1,0,7,3.0,0,1.001,0,,
352.0,2019-02-09,treatment_1,89,4,8,2,0,7,3.0,0,1.001,0,,
352.0,2019-02-09,treatment_1,89,4,8,3,0,7,3.0,0,1.001,0,,
356.0,2019-02-10,treatment_1,90,4,8,0,0,7,3.0,0,1.001,0,,
356.0,2019-02-10,treatment_1,90,4,8,1,0,7,3.0,0,1.001,0,,
356.0,2019-02-10,treatment_1,90,4,8,2,0,7,3.0,0,1.001,0,,
356.0,2019-02-10,treatment_1,90,4,8,3,0,7,3.0,0,1.001,0,,
360.0,2019-02-11,treatment_1,91,18,16,0,0,7,3.0,0,1.001,1.0,,
360.0,2019-02-11,treatment_1,91,18,16,1,0,7,3.0,0,1.001,1.0,,
360.0,2019-02-11,treatment_1,91,18,16,2,0,7,3.0,0,1.001,1.0,,
360.0,2019-02-11,treatment_1,91,18,16,3,0,7,3.0,0,1.001,1.0,,
378.0,2019-02-12,treatment_1,92,18,16,0,0,7,3.0,0,1.001,1.0,,
378.0,2019-02-12,treatment_1,92,18,16,1,0,7,3.0,0,1.001,1.0,,
378.0,2019-02-12,treatment_1,92,18,16,2,0,7,3.0,0,1.001,1.0,,
378.0,2019-02-12,treatment_1,92,18,16,3,0,7,3.0,0,1.001,1.0,,
396.0,2019-02-13,treatment_1,93,18,16,0,0,7,3.0,0,1.001,1.0,,
396.0,2019-02-13,treatment_1,93,18,16,1,0,7,3.0,0,1.001,1.0,,
396.0,2019-02-13,treatment_1,93,18,16,2,0,7,3.0,0,1.001,1.0,,
396.0,2019-02-13,treatment_1,93,18,16,3,0,7,3.0,0,1.001,1.0,,
414.0,2019-02-14,treatment_1,94,18,16,0,0,8,4.0,0,1.001,1.0,,
414.0,2019-02-14,treatment_1,94,18,16,1,0,8,4.0,0,1.001,1.0,,
414.0,2019-02-14,treatment_1,94,18,16,2,0,8,4.0,0,1.001,1.0,,
414.0,2019-02-14,treatment_1,94,18,16,3,0,8,4.0,0,1.001,1.0,,
432.0,2019-02-15,treatment_1,95,18,16,0,0,8,4.0,0,1.001,1.0,,
432.0,2019-02-15,treatment_1,95,18,16,1,0,8,4.0,0,1.001,1.0,,
432.0,2019-02-15,treatment_1,95,18,16,2,0,8,4.0,0,1.001,1.0,,
432.0,2019-02-15,treatment_1,95,18,16,3,0,8,4.0,0,1.001,1.0,,
450.0,2019-02-16,treatment_1,96,18,16,0,0,8,4.0,0,1.001,1.0,,
450.0,2019-02-16,treatment_1,96,18,16,1,0,8,4.0,0,1.001,1.0,,
450.0,2019-02-16,treatment_1,96,18,16,2,0,8,4.0,0,1.001,1.0,,
450.0,2019-02-16,treatment_1,96,18,16,3,0,8,4.0,0,1.001,1.0,,
468.0,2019-02-17,treatment_1,97,18,16,0,0,8,4.0,0,1.001,1.0,,
468.0,2019-02-17,treatment_1,97,18,16,1,0,8,4.0,0,1.001,1.0,,
468.0,2019-02-17,treatment_1,97,18,16,2,0,8,4.0,0,1.001,1.0,,
468.0,2019-02-17,treatment_1,97,18,16,3,0,8,4.0,0,1.001,1.0,,
486.0,2019-02-18,treatment_1,98,18,16,0,0,8,4.0,0,1.001,1.0,,
486.0,2019-02-18,treatment_1,98,18,16,1,0,8,4.0,0,1.001,1.0,,
486.0,2019-02-18,treatment_1,98,18,16,2,0,8,4.0,0,1.001,1.0,,
486.0,2019-02-18,treatment_1,98,18,16,3,0,8,4.0,0,1.001,1.0,,
504.0,2019-02-19,treatment_1,99,18,16,0,0,9,5.0,0,1.001,1.0,,
504.0,2019-02-19,treatment_1,99,18,16,1,0,9,5.0,0,1.001,1.0,,
504.0,2019-02-19,treatment_1,99,18,16,2,0,9,5.0,0,1.001,1.0,,
504.0,2019-02-19,treatment_1,99,18,16,3,0,9,5.0,0,1.001,1.0,,
522.0,2019-02-20,treatment_1,100,18,16,0,0,9,5.0,0,1.001,1.0,,
522.0,2019-02-20,treatment_1,100,18,16,1,0,9,5.0,0,1.001,1.0,,
522.0,2019-02-20,treatment_1,100,18,16,2,0,9,5.0,0,1.001,1.0,,
522.0,2019-02-20,treatment_1,100,18,16,3,0,9,5.0,0,1.001,1.0,,
540.0,2019-02-21,treatment_1,101,18,16,0,0,9,5.0,0,1.001,1.0,,
540.0,2019-02-21,treatment_1,101,18,16,1,0,9,5.0,0,1.001,1.0,,
540.0,2019-02-21,treatment_1,101,18,16,2,0,9,5.0,0,1.001,1.0,,
540.0,2019-02-21,treatment_1,101,18,16,3,0,9,5.0,0,1.001,1.0,,
558.0,2019-02-22,treatment_1,102,18,16,0,0,9,5.0,0,1.001,1.0,,
558.0,2019-02-22,treatment_1,102,18,16,1,0,9,5.0,0,1.001,1.0,,
558.0,2019-02-22,treatment_1,102,18,16,2,0,9,5.0,0,1.001,1.0,,
558.0,2019-02-22,treatment_1,102,18,16,3,0,9,5.0,0,1.001,1.0,,
576.0,2019-02-23,treatment_1,103,18,16,0,0,9,5.0,0,1.001,1.0,,
576.0,2019-02-23,treatment_1,103,18,16,1,0,9,5.0,0,1.001,1.0,,
576.0,2019-02-23,treatment_1,103,18,16,2,0,9,5.0,0,1.001,1.0,,
576.0,2019-02-23,treatment_1,103,18,16,3,0,10,6.0,0,1.001,1.0,,
594.0,2019-02-24,treatment_1,104,18,16,0,0,10,6.0,0,1.001,1.0,,
594.0,2019-02-24,treatment_1,104,18,16,1,0,10,6.0,0,1.001,1.0,,
594.0,2019-02-24,treatment_1,104,18,16,2,0,10,6.0,0,1.001,1.0,,
594.0,2019-02-24,treatment_1,104,18,16,3,0,10,6.0,0,1.001,1.0,,
612.0,2019-02-25,treatment_1,105,18,16,0,0,10,6.0,0,1.001,1.0,,
612.0,2019-02-25,treatment_1,105,18,16,1,0,10,6.0,0,1.001,1.0,,
612.0,2019-02-25,treatment_1,105,18,16,2,0,10,6.0,0,1.001,1.0,,
612.0,2019-02-25,treatment_1,105,18,16,3,0,10,6.0,0,1.001,1.0,,
630.0,2019-02-26,treatment_1,106,18,16,0,0,10,6.0,0,1.001,1.0,,
630.0,2019-02-26,treatment_1,106,18,16,1,0,10,6.0,0,1.001,1.0,,
630.0,2019-02-26,treatment_1,106,18,16,2,0,10,6.0,0,1.001,1.0,,
630.0,2019-02-26,treatment_1,106,18,16,3,0,10,6.0,0,1.001,1.0,,
648.0,2019-02-27,treatment_1,107,18,16,0,0,10,6.0,0,1.001,1.0,,
648.0,2019-02-27,treatment_1,107,18,16,1,0,10,6.0,0,1.001,1.0,,
648.0,2019-02-27,treatment_1,107,18,16,2,0,10,6.0,0,1.001,1.0,,
648.0,2019-02-27,treatment_1,107,18,16,3,0,10,6.0,0,1.001,1.0,,
666.0,2019-02-28,treatment_1,108,18,16,0,0,10,6.0,0,1.001,1.0,,
666.0,2019-02-28,treatment_1,108,18,16,1,0,10,6.0,0,1.001,1.0,,
666.0,2019-02-28,treatment_1,108,18,16,2,0,10,6.0,0,1.001,1.0,,
666.0,2019-02-28,treatment_1,108,18,16,3,0,11,7.0,7,1.001,1.0,,
684.0,2019-03-01,treatment_1,109,18,16,0,0,11,7.0,7,1.001,1.0,108,
684.0,2019-03-01,treatment_1,109,18,16,1,0,11,7.0,7,1.001,1.0,108,
684.0,2019-03-01,treatment_1,109,18,16,2,0,11,7.0,7,1.001,1.0,108,
684.0,2019-03-01,treatment_1,109,18,16,3,0,11,7.0,7,1.001,1.0,108,
702.0,2019-03-02,treatment_1,110,18,16,0,0,11,7.0,7,1.001,1.0,108,
702.0,2019-03-02,treatment_1,110,18,16,1,0,11,7.0,7,1.001,1.0,108,
702.0,2019-03-02,treatment_1,110,18,16,2,0,11,7.0,7,1.001,1.0,108,
702.0,2019-03-02,treatment_1,110,18,16,3,0,11,7.0,7,1.001,1.0,108,
720.0,2019-03-03,treatment_1,111,18,16,0,0,11,7.0,7,1.001,1.0,108,
720.0,2019-03-03,treatment_1,111,18,16,1,0,11,7.0,7,1.001,1.0,108,
720.0,2019-03-03,treatment_1,111,18,16,2,0,11,7.0,7,1.001,1.0,108,
720.0,2019-03-03,treatment_1,111,18,16,3,0,11,7.0,7,1.001,1.0,108,
738.0,2019-03-04,treatment_1,112,18,16,0,0,11,7.0,7,1.001,1.0,108,
738.0,2019-03-04,treatment_1,112,18,16,1,0,11,7.0,7,1.001,1.0,108,
738.0,2019-03-04,treatment_1,112,18,16,2,0,11,7.0,7,1.001,1.0,108,
738.0,2019-03-04,treatment_1,112,18,16,3,0,11,7.0,7,1.001,1.0,108,
756.0,2019-03-05,treatment_1,113,18,16,0,0,11,7.0,7,1.001,1.0,108,
756.0,2019-03-05,treatment_1,113,18,16,1,0,11,7.0,7,1.001,1.0,108,
756.0,2019-03-05,treatment_1,113,18,16,2,0,11,7.0,7,1.001,1.0,108,
756.0,2019-03-05,treatment_1,113,18,16,3,0,11,7.0,7,1.001,1.0,108,
774.0,2019-03-06,treatment_1,114,18,16,0,0,11,7.0,7,1.001,1.0,108,
774.0,2019-03-06,treatment_1,114,18,16,1,0,11,7.0,7,1.001,1.0,108,
774.0,2019-03-06,treatment_1,114,18,16,2,0,11,7.0,7,1.001,1.0,108,
774.0,2019-03-06,treatment_1,114,18,16,3,0,11,7.0,7,1.001,1.0,108,
792.0,2019-03-07,treatment_1,115,18,16,0,0,11,7.0,7,1.001,1.0,108,
792.0,2019-03-07,treatment_1,115,18,16,1,0,11,7.0,7,1.001,1.0,108,
792.0,2019-03-07,treatment_1,115,18,16,2,0,11,7.0,7,1.001,1.0,108,
792.0,2019-03-07,treatment_1,115,18,16,3,0,11,7.0,7,1.001,1.0,108,
810.0,2019-03-08,treatment_1,116,18,16,0,0,11,7.0,7,1.001,1.0,108,
810.0,2019-03-08,treatment_1,116,18,16,1,0,11,7.0,7,1.001,1.0,108,
810.0,2019-03-08,treatment_1,116,18,16,2,0,11,7.0,7,1.001,1.0,108,
810.0,2019-03-08,treatment_1,116,18,16,3,0,11,7.0,7,1.001,1.0,108,
828.0,2019-03-09,treatment_1,117,18,16,0,0,11,7.0,7,1.001,1.0,108,
828.0,2019-03-09,treatment_1,117,18,16,1,0,11,7.0,7,1.001,1.0,108,
828.0,2019-03-09,treatment_1,117,18,16,2,0,11,7.0,7,1.001,1.0,108,
828.0,2019-03-09,treatment_1,117,18,16,3,0,11,7.0,7,1.001,1.0,108,
846.0,2019-03-10,treatment_1,118,18,16,0,0,11,7.0,7,1.001,1.0,108,
846.0,2019-03-10,treatment_1,118,18,16,1,0,11,7.0,7,1.001,1.0,108,
846.0,2019-03-10,treatment_1,118,18,16,2,0,11,7.0,7,1.001,1.0,108,
846.0,2019-03-10,treatment_1,118,18,16,3,0,11,7.0,7,1.001,1.0,108,
864.0,2019-03-11,treatment_1,119,18,16,0,0,11,7.0,7,1.001,1.0,108,
864.0,2019-03-11,treatment_1,119,18,16,1,0,11,7.0,7,1.001,1.0,108,
864.0,2019-03-11,treatment_1,119,18,16,2,0,11,7.0,7,1.001,1.0,108,
864.0,2019-03-11,treatment_1,119,18,16,3,0,11,7.0,7,1.001,1.0,108,
882.0,2019-03-12,treatment_1,120,18,16,0,0,11,7.0,7,1.001,1.0,108,
882.0,2019-03-12,treatment_1,120,18,16,1,0,11,7.0,7,1.001,1.0,108,
882.0,2019-03-12,treatment_1,120,18,16,2,0,11,7.0,7,1.001,1.0,108,
882.0,2019-03-12,treatment_1,120,18,16,3,0,11,7.0,7,1.001,1.0,108,
900.0,2019-03-13,treatment_1,121,18,16,0,0,11,7.0,7,1.001,1.0,108,
900.0,2019-03-13,treatment_1,121,18,16,1,0,11,7.0,7,1.001,1.0,108,
900.0,2019-03-13,treatment_1,121,18,16,2,0,11,7.0,7,1.001,1.0,108,
900.0,2019-03-13,treatment_1,121,18,16,3,0,11,7.0,7,1.001,1.0,108,
918.0,2019-03-14,treatment_1,122,18,16,0,0,11,7.0,7,1.001,1.0,108,
918.0,2019-03-14,treatment_1,122,18,16,1,0,11,7.0,7,1.001,1.0,108,
918.0,2019-03-14,treatment_1,122,18,16,2,0,11,7.0,7,1.001,1.0,108,
918.0,2019-03-14,treatment_1,122,18,16,3,0,11,7.0,7,1.001,1.0,108,
936.0,2019-03-15,treatment_1,123,18,16,0,0,11,7.0,7,1.001,1.0,108,
936.0,2019-03-15,treatment_1,123,18,16,1,0,11,7.0,7,1.001,1.0,108,
936.0,2019-03-15,treatment_1,123,18,16,2,0,11,7.0,7,1.001,1.0,108,
936.0,2019-03-15,treatment_1,123,18,16,3,0,11,7.0,7,1.001,1.0,108,
954.0,2019-03-16,treatment_1,124,18,16,0,0,11,7.0,7,1.001,1.0,108,
954.0,2019-03-16,treatment_1,124,18,16,1,0,11,7.0,7,1.001,1.0,108,
954.0,2019-03-16,treatment_1,124,18,16,2,0,11,7.0,7,1.001,1.0,108,
954.0,2019-03-16,treatment_1,124,18,16,3,0,11,7.0,7,1.001,1.0,108,
972.0,2019-03-17,treatment_1,125,18,16,0,0,11,7.0,7,1.001,1.0,108,
972.0,2019-03-17,treatment_1,125,18,16,1,0,11,7.0,7,1.001,1.0,108,
972.0,2019-03-17,treatment_1,125,18,16,2,0,11,7.0,7,1.001,1.0,108,
972.0,2019-03-17,treatment_1,125,18,16,3,0,11,7.0,7,1.001,1.0,108,
990.0,2019-03-18,treatment_1,126,18,16,0,0,11,7.0,7,1.001,1.0,108,
990.0,2019-03-18,treatment_1,126,18,16,1,0,11,7.0,7,1.001,1.0,108,
990.0,2019-03-18,treatment_1,126,18,16,2,0,11,7.0,7,1.001,1.0,108,
990.0,2019-03-18,treatment_1,126,18,16,3,0,11,7.0,7,1.001,1.0,108,
